B0744TC3PW,ED2000
B06ZYSGJNG,CKC2
B01KI6VH5M,PMP5
B000AQ8NC6,GS1-C
B000IMA8CA,GB1-C
B0018MVZJE,CKW1
B002C0A7ZY,HM TDS-EZ
B002JLACGK,Hydro-Logic RO100
B002R8FNPK,HB18B-C
B003LUCQ1C,NW12-C
B003XELTTG,RCC7
B003ZZUBHE,RCC7P
B0040IOU5E,RCB4T
B0041H5OJU,RCC7U
B0041H8CSK,RCB3P
B0041HPUT4,SC1
B0041HSOSI,FP15X50-FBA
B0041KTQOQ,FP11X50
B0041KZEGA,FP25X25
B0041L3EJS,FP25BX2
B0041L70LQ,FP15BX4
B0041LWI72,WCC31
B0041M306Y,RCC7D
B0041M39B0,WCB32
B0041MEQ4E,Filter set of 22
B0041MGDVS,Filter set of 5
B00439I86C,T20M
B00439MYYE,T32M
B0043BKSMM,T11M
B004C3VUM8,AWR2-C
B004HL32EE,F7-GAC
B004I49HHQ,HW12X2
B004I4EY7O,HC12X2
B004I4WOKI,GS3
B004I4ZV80,GG3
B004I51LEW,GB1
B004I51U52,GS1
B004LYFWUY,FP110X8
B004LYICN8,FP120X8
B004N1UUWK,FW15X6
B004N1ZN4U,FW11X6
B004N20BKA,FW25BX4
B004N21ESI,FPFCFG25X4
B004N269J2,FG15X25
B004N283GY,FP15X8
B004N28I0U,F4-FD15
B004N2AA2E,FP11X8
B005A3WM6C,HomeMaster TMAFC
B005LJ8EXU,RCC7AK
B005LKKMYS,RCC7P-AK
B005LNJHFU,T40P
B005V6GP6G,F22-75
B005V6JTNC,FD-U6SA-FVSW
B0063IYTP0,FP120X50
B0063IZ1IO,FP150X50
B00657APJS,CKC2
B0067TOFLS,GA1-B
B0067TPZRG,GA1-S
B006L915EY,FF1
B006L96P58,FF2
B006LT3PJC,RCB2P-S
B006MVKJ7U,WGB22B.1
B006MW6H1Q,SK1
B006PGY1QW,WKW21
B006PH1PC4,FP110X50
B006PH6YYS,UVF11
B006T3HYQ0,RCC7AK-UV
B006WQF35S,T14B
B006WQFNW6,T14W
B006X3YJKK,RCC1UP-AK
B0070YBWPQ,F5-75
B0077DSMQ2,WKW11-F
B0077DT3VK,FPFP15
B0077DV7J6,FD15
B007K1FDJA,RCB3P
B007TB44BY,FC25BX2
B007TB4W8E,FC25BX4
B007TB5ZGC,HB28BX2
B007TB9NEC,MC1
B007TBB69W,MC7
B007TBBMR8,MC5
B007TBCUW4,MC2
B007Y7TSKK,FC15BX4
B007ZDHC3S,RF1LG3.x
B00866GE9G,FPFCFG25X1
B00866H53U,FP25X4
B00866HJ7C,FC25X4
B00866HWZG,FG25X4
B00866JKMY,F4
B00866LPV8,AAS1
B00866NE7G,AAS2
B00866Q2NY,AFW3+ABV4
B00866SING,4F-V6NS-ZHSY
B00866V0FO,ADS1
B00866XKG6,AFR1
B00867519E,ABV2
B008676ML0,AWR1
B008678QEQ,AWR2
B008679JDS,AWR3
B00867B6E8,NW13
B00867CP7A,NW12
B00867ED1Q,ORFX3
B00867ERDU,DE-EXOI-JY19
B00867FMN4,AHP
B00867G57Q,ALP
B00867I4T8,ASOW
B00867IS26,ASOF
B008EM5XGC,Purenex 2C-S-IM100 F
B008GNRMYK,WKB32B
B008H6L87S,MC4+NW14
B008H71Q4C,ICEK
B008UZ1MLS,F15-400-FBA
B0091OBMY4,Watts RO-Pure 531411
B00996MLDA,FP25BX4
B009AEJWZG,CU-A3
B009EDZQMQ,CKC1
B009G6UMDO,F5-CUA3
B00A2WTLAQ,CKC1C
B00A6X6JFG,FP220BX2
B00A8L02RC,WKB12B
B00AAJ5RZE,L8209BN
B00AAL01O4,L8205CHR
B00AAYEA8E,L8224CHR
B00AAZ49RA,L8217BN
B00AAZCPWQ,L8217ORB-FBA
B00AB1E7OS,L8108ORB
B00AB1Z7HY,L8114BN
B00AB274EC,L8130CHR
B00AB3GOFG,L8315NCHR
B00AB3K67I,L8315ORB
B00AB3OOYE,L8305ORB
B00AB3UOCK,L8313BN
B00ABNTGCY,FP25BX6
B00AY4XSZQ,L8107ORB
B00AY4ZIRC,L8222BN
B00AY510NM,L8302ORB
B00AZ6WYNK,F7-CTO1
B00AZA06KO,F7RO
B00B1HZ0QU,UVF55
B00BG53EF6,PitcherReplacementFi
B00BGC41Z6,HC14-2PP
B00BLOKFS6,UVB11
B00BNGRIX2,F28K75
B00BOASJ1M,F9K
B00BOAYUO2,F19K75
B00BOB0VCG,F17U75
B00BOB1WIS,F8U
B00BOB33C6,F25U75
B00BOB5MJI,F17U100
B00BOB7WGE,F25U100
B00BOBTG0E,F10KU
B00BOCDJGK,F21KU75
B00BOEMCVG,F21KU100
B00BOENBHA,F31KU75
B00BOEO26O,F31KU100
B00BOERARW,F9D
B00BOEUTM0,F19D75
B00BOEX1VG,F28D75
B00BOFH4D6,F15-75
B00BOFJ858,F15-100
B00BOFLCSY,F15-50
B00BTGEZTQ,L8217NBN
B00BZCPDN6,RCC7D2
B00CHYLXLM,AQ-5200.55
B00CHYLXLW,Aquasana AQ-5300
B00E1TVK50,MC3
B00E37TQV0,RF7SS1
B00E7TFJ1U,RCW5
B00EA38992,HB18B
B00EA3M60U,HB28B
B00EDT5WI4,HC14X2
B00EO817PQ,RF1LG3.x1
B00EO81WWE,RF1LG3.x2
B00EO8ALPS,RF9MT
B00EW1CD44,RE5T
B00EW1G9M6,RE4T
B00FBL8708,FX15
B00FBLGD1S,FA15
B00FKAZEN8,UVT11A
B00FKC3ZT6,UVF11A
B00FKW6J1W,UVF11B
B00FKWGH4Q,UVT11B
B00FRPU1HK,M11CNext/110V/BU
B00FZ2HAY2,GA1-BN
B079JYZ7FB,WCB32c
B00HAKAFGC,TDS-EC
B00HRHHFPW,APEC RO-90
B00I0ZGOZM,APEC RO50
B00I5WSO8A,APEC ES50 Filter Set
B00IB14XDU,APEC RO-CTOP
B00IDBZ1A2,TDS3
B00IREVAOG,AF3M3Q2V
B00J2DGTD8,ExpressWater RO5DX
B00JG1L2S8,F7RE
B00KGHWQXQ,RF5WP2.x
B00KGHWUDM,RF1LG3.x3
B00KJ07SEM,RF6GE1
B00KSLRHJI,L8240CHR
B00KTG7RW4,L8205BN
B00KTK5FCE,L8220NBN
B00KTKZX9Y,L8241BN
B00KWE755C,GD02BN
B00KWI2VEI,GD55
B00KWI9ISK,GD13
B00KWIDNCW,GD32
B00LBHIW8S,WGB22B
B00LLMKPVK,RF8WP1.x
B00LZWPH4Q,RCC1UP-N
B00M8B537Y,ACL1
B00N2941N8,Home Master TMHP
B00N5D7ZFW,APEC ICEK
B00NQF490I,F3
B00NQF85E4,FP15X25
B00NQFAVI2,FP11X25
B00NVQ8UWU,WD01
B00NVQH3U0,AFX3
B00NVQSV92,APR70
B00NVQYR1I,ALS1
B00NWTPSJE,FPFGFC25X1
B00NWZ1RCK,APEC PH-75
B00NY26D8Y,MC4
B00NY2BQIQ,MS5
B00PCRSD7I,RCS5T
B00PEDWH4K,RCC1P
B00PJI4UMW,WU301
B00RW8862C,F3-CUA4
B00S5E5NJQ,FC15
B00TOXKKOU,APG6
B00TOXTCXK,ABV1
B00TOY2WFE,ACV4
B00TOYFBPW,AFR1500
B00TOYIJEW,AFR450
B00TOYLI5E,ACN1
B00TOYPTPY,ACN22
B00TPS7B5K,ACN23
B00TPS9IJC,ACN33
B00TPSFGRU,7544K
B00TPV52OE,ASOW4
B00TQ38Y0K,154K
B00TQ3CZ32,4044K
B00TQ3GN7G,4042K
B00TZBP2YO,F4-CUA4
B00TZCQ7X8,BM-BFE1-S32O
B00UZEVUVY,FC15x25
B00ZSN5QFS,WaterFilterTree5
B01093A72I,GA1-AB
B01093U2G4,GA1-AW
B010943G8O,GA1-ORB
B010949B92,GK1-AB
B0109575ZS,GK1-AW
B01095A98I,GK1-ORB
B01095D3AO,GK1-BN
B01095I0QQ,GK1-CHR
B011SD5DOU,FA15N
B011T65J9A,BrondellH2O+
B017I98T4Y,APR40
B018F6H1HK,RF5WP2
B018FAGF8M,RF1LG3
B018FBBR7U,RF6GE1
B018FC1QXY,RF11SS2
B018FCTTCE,RF7SS1
B072YVNRZN,WSP50
B0191UU75M,Aqua Elegante
B019D0NV8U,PUR-00
B01A68HNDM,DFC1
B01A68HNDW,DFC1
B01AZBXVSG,Aquasana AQ-RO-3.62
B01CES39N0,T55M-PAE
B01EFZ54E2,Digital TDS EC Meter
B01FI3BLYM,WGB32BM
B075XDTMHD,Wheelton 40
B00GUQDSBG,rusco-t 100









