kw,cat,url
sediment filter,All,http://www.amazon.com/s/ref=nb_sb_noss_2?url=search-alias%3Daps&field-keywords=sediment+filter

RO,All,http://www.amazon.com/s/ref=nb_sb_noss_2?url=search-alias%3Daps&field-keywords=RO

reverse osmosis tank,All,http://www.amazon.com/s/ref=nb_sb_noss_2?url=search-alias%3Daps&field-keywords=reverse+osmosis+tank

faucet mount water filter,All,http://www.amazon.com/s/ref=nb_sb_noss_2?url=search-alias%3Daps&field-keywords=faucet+mount+water+filter

faucet water filter,All,http://www.amazon.com/s/ref=nb_sb_noss_2?url=search-alias%3Daps&field-keywords=faucet+water+filter

bathroom faucet,All,http://www.amazon.com/s/ref=nb_sb_noss_2?url=search-alias%3Daps&field-keywords=bathroom+faucet

kitchen faucet,All,http://www.amazon.com/s/ref=nb_sb_noss_2?url=search-alias%3Daps&field-keywords=kitchen+faucet

reverse osmosis faucet,All,http://www.amazon.com/s/ref=nb_sb_noss?url=search-alias%3Daps&field-keywords=reverse+osmosis+faucet

reverse osmosis water filtration system,Tools & Home Improvement,http://www.amazon.com/gp/search/ref=sr_pg_2?rh=n%3A228013%2Ck%3Areverse+osmosis+water+filtration+system&page=2&keywords=reverse+osmosis+water+filtration+system&ie=UTF8&qid=1451489734&spIA=B011T65J9A,B00XAJKA4E,B005A3WM6C,B004GEFKN8,B019N7VG1W,B00T8L1X5I

whole house water filter,Tools & Home Improvement,http://www.amazon.com/s/ref=sr_pg_2?rh=n%3A228013%2Ck%3Awhole+house+water+filter&page=2&keywords=whole+house+water+filter&ie=UTF8&qid=1451489432&spIA=B00N2941OW,B004YQVYA6,B00FY27GRE

whole house water filter,Industrial & Scientific,http://www.amazon.com/s/ref=sr_pg_2?rh=n%3A16310091%2Ck%3Awhole+house+water+filter&page=2&keywords=whole+house+water+filter&ie=UTF8&qid=1451482087&spIA=B00N2941OW,B005A3WM6C,B004YQVYA6&lo=industrial

whole house water filter,Home & Kitchen,http://www.amazon.com/s/ref=sr_pg_2?rh=n%3A1055398%2Ck%3Awhole+house+water+filter&page=2&keywords=whole+house+water+filter&ie=UTF8&qid=1451482468&spIA=B005A3WPA0,B00N2941OW,B005A3WM6C

water filter,Tools & Home Improvement,http://www.amazon.com/gp/search/ref=sr_pg_2?rh=n%3A228013%2Ck%3Awater+filter&page=2&keywords=water+filter&ie=UTF8&qid=1451489774&spIA=B00N2941Z6,B015WI96LI,B00CHYLY8O
